,dissimilarity_0,dissimilarity_45,dissimilarity_90,dissimilarity_135,correlation_0,correlation_45,correlation_90,correlation_135,homogeneity_0,homogeneity_45,homogeneity_90,homogeneity_135,contrast_0,contrast_45,contrast_90,contrast_135,ASM_0,ASM_45,ASM_90,ASM_135,energy_0,energy_45,energy_90,energy_135,label
0,1.9081368602645175,3.0599218410768527,1.902462393408071,2.9305254016500193,0.9727901132375519,0.9511646081472575,0.9747781035422978,0.9531223005658216,0.6734748807622932,0.5964413589935992,0.6571290566600333,0.5983989250791353,84.97215832854121,150.928788536691,78.85704704416992,144.87841945288736,0.06729405948777242,0.060887303752761225,0.0671363680332268,0.06104465863618819,0.25941098567287474,0.2467535283491631,0.2591068660480204,0.24707217292966885,Parasitized
1,2.0702184720041834,3.2598508002234636,1.981949340644993,3.174471721055567,0.9732612258016988,0.95244462428987,0.9742813909782295,0.9543204381152397,0.7003002596322934,0.6423988043790135,0.702531833242727,0.6455541569762276,112.3448783359497,199.15238752505783,108.25189319754539,191.29685497387297,0.12316246003644357,0.11641069917958782,0.12414019227933812,0.1168016362154261,0.35094509547284397,0.34119012174971863,0.3523353406619014,0.34176254361094943,Parasitized
2,1.8873212400422263,3.0779710144927273,1.9451318944844194,2.978937198067618,0.9717529831679312,0.9495723958067713,0.9727542424140478,0.9507973986314249,0.7062571014575224,0.6251480808489578,0.6901378456654661,0.6256377628121333,90.34264324791219,159.62589371980548,87.28604316546803,155.74821256038564,0.06854576754478726,0.061679432425493126,0.06818669841105598,0.06171514621111271,0.2618124663662662,0.24835344254810146,0.26112582869386164,0.24842533327161445,Parasitized
3,1.9760101010101023,3.043028322440084,1.920396664412893,3.0536492374727557,0.9759375607562407,0.9577171607882572,0.9775517001672983,0.9592050921387549,0.6970134807264923,0.6403095750586301,0.6954606020660059,0.6356201755581673,91.37148268398282,159.92928467683356,85.311877394636,154.30137981118352,0.12661609890455294,0.11950319036508034,0.12730050827021672,0.11979925305220472,0.35583155973655983,0.34569233483703443,0.35679196777704614,0.34612028697001385,Parasitized
4,1.748917748917749,2.9358288770053425,1.8340950415253807,2.7240047534165113,0.9732485397785372,0.9495257523056704,0.9718933603107728,0.9532187677664388,0.7073592521169683,0.629770177737688,0.6942132145655389,0.6464911938008042,85.84208972845349,160.77639136462625,90.19607843137251,149.01297286591364,0.09810697559822171,0.09014443779736525,0.09746784548978521,0.09097517677915026,0.31322033075492034,0.3002406331550832,0.3121984072505579,0.3016209156858162,Parasitized
5,1.7893267651888334,2.8939732142857113,1.9485946745562113,2.9415922619047574,0.9766289453429849,0.9567549033147815,0.9732152370041347,0.9545625001848685,0.7048931196098458,0.643508598671954,0.699769353775509,0.6403071850806936,88.45796387520522,162.3527199074071,101.25283530571969,170.5835400132271,0.09355968457537575,0.08673268192669603,0.09269302891909688,0.08635223611652383,0.3058752761753976,0.29450412887885974,0.30445529872067734,0.2938575098862097,Parasitized
6,1.8442289646543624,2.758296576349508,1.7319883223855677,2.841367359798366,0.9734380070387537,0.956855150285146,0.9767288150520442,0.9555800514272274,0.7106999229370654,0.641752383897992,0.7049529048729881,0.6405870220282381,95.42362631633817,153.86321151018694,83.8516838702949,158.41047048939313,0.08126806954974558,0.07478920266274663,0.08202077279575173,0.07474968369384029,0.28507555059974116,0.27347614642368107,0.28639268984342414,0.2734038838309366,Parasitized
7,1.7983870967741922,3.1062224347733753,2.1230598669622966,3.1323662256230453,0.9751149157437448,0.9480819022470638,0.9677384632700138,0.9490482626995869,0.7028998841095555,0.6323761512867246,0.6943694543543482,0.6307842994519955,90.1689331646636,186.11328976034898,116.61149825783897,182.6491311971945,0.0832314459974726,0.0752454433331765,0.08137187082639204,0.07547658239726486,0.28849860657804327,0.2743090288947422,0.28525755174296796,0.2747300172847242,Parasitized
8,2.02076466710613,2.9637188208616707,1.7552666227781426,3.0180299762181235,0.9681198142968103,0.9482573956633549,0.9734730777507021,0.9480311673036202,0.7060166773339724,0.6461180228759095,0.7131713282996197,0.6433858425217209,107.08701384311136,172.31364415684928,89.22432521395648,173.06703169072475,0.08666719257965612,0.0802080572836326,0.08798034944828012,0.0801029008823894,0.2943929220950397,0.28321027044165015,0.2966148166364589,0.2830245587972701,Parasitized
9,2.041385997142276,3.2184705519580805,2.1491912852696538,3.368229006064354,0.9758196787341639,0.9578583204924858,0.9752808863016618,0.9552974119521235,0.6896218459422868,0.6172281891627326,0.6729493168286449,0.6183665733211889,99.02250459277404,171.52446294583297,101.1876116128373,181.94783636550576,0.10899537883036899,0.10168183690226427,0.10842762847409546,0.10142842429785577,0.330144481750595,0.3188758957686584,0.3292835077468889,0.3184782948614486,Parasitized
10,1.9774212715389181,3.1490025203981435,2.0552160258042633,3.255542739971816,0.9751357042852847,0.9554756624202362,0.9747037232323364,0.9551927182124927,0.6969165958422491,0.6252039234324102,0.6779118084622584,0.6145045698571505,104.65520753756043,185.82951001751476,106.48353280706236,187.01042334145023,0.08390912046411675,0.07736312620503563,0.08337660132923717,0.07718445860562193,0.28967071040082176,0.27814227691064086,0.2887500672367665,0.27782091103014894,Parasitized
11,2.119946899623159,3.71527777777778,2.4538204270645765,3.72278295376122,0.9724759198809307,0.9457544574199076,0.9668908465503737,0.9456362902034368,0.7192170600368373,0.652676977450628,0.7114630121548182,0.6580343462689344,123.41345495032559,242.24072636300917,148.2486922219366,242.76841787439653,0.14582317958582813,0.13587929083758082,0.14354924907809827,0.13601425602709807,0.38186801330541964,0.3686180826242533,0.37887893723206395,0.36880110632575125,Parasitized
12,1.9558163797600419,3.1175728920409798,2.0626825198164354,3.234620436038871,0.9686512848025701,0.9455355836798801,0.9680235244288684,0.9421637882703273,0.6948427090573195,0.6224481731674659,0.6845617161349373,0.6209389720702886,109.22790818987993,187.53196742842152,111.55798915310794,199.14173890202227,0.06400223789072265,0.057705040464012064,0.06378625670925384,0.057417222321923686,0.2529866357947049,0.24021873462328466,0.25255941223651485,0.23961891061000107,Parasitized
13,2.0793627450980474,3.389876543209858,2.0935982339955883,3.2350123456790003,0.9739436921739218,0.952753812994573,0.9739433591681278,0.9544864199033811,0.6975165224541293,0.6301532702047582,0.6974247654786226,0.6359130640857225,117.39779411764718,211.42039506172745,117.33274466519521,203.66720987654247,0.10264057934448359,0.09557140192043787,0.10250862099098143,0.09582209907026283,0.32037568469608235,0.3091462468160302,0.3201696753144829,0.30955144817988306,Parasitized
14,1.656941604180867,2.5929583904892506,1.6044389978213505,2.586099679926836,0.9747613845320854,0.9572087703074266,0.9766381203026547,0.9572339936479272,0.7356316476597191,0.6682153772439234,0.7304925863794207,0.6695167592191775,90.16119063849118,151.88541380887057,83.56059368191714,151.79588477366238,0.10115866439022203,0.09381790996345561,0.10146197652889105,0.09386687745624081,0.31805449908816263,0.3062970942785054,0.3185309663578897,0.3063770184857879,Parasitized
15,2.0236901778255203,3.15770803270803,2.0890002386065363,3.390632515632513,0.9718847358382655,0.9510937657569757,0.971265505585769,0.9482601611631996,0.7261268094743024,0.6721355422630674,0.7235325298664106,0.6564102233086949,120.97046186895828,208.61922799422777,123.63493199713672,220.70652958152937,0.09359246595395537,0.08598975696288089,0.09313256608606874,0.08542124581611704,0.3059288576678496,0.29324010121891736,0.3051762868999961,0.29226913250652564,Parasitized
16,2.7223707664884174,4.3055555555555225,2.8345864661654003,4.525420875420839,0.9756043227299915,0.9562169248559993,0.9748148583662444,0.9539880359196303,0.672099465464256,0.6230872147782232,0.6674147817513308,0.6151874430995453,152.06094028520502,272.45976430976236,156.94085213032514,286.33002244668745,0.18251464752213165,0.17349167098091292,0.18181626286390976,0.172686934502776,0.42721733054984046,0.41652331385039293,0.4263991825319436,0.4155561749063248,Parasitized
17,1.8876379690949232,2.9938222222222177,1.8199558498896293,2.9355111111111074,0.9743018375230791,0.9560523935588969,0.976648686327106,0.9566246910033734,0.7390890771370418,0.6707615114555844,0.7289050005468207,0.6785394274360593,102.29293598234001,174.35435555555506,93.01818984547477,172.08386666666627,0.13819227031952805,0.1306524671604933,0.1387942760795097,0.13100841382715997,0.3717422094940633,0.3614588042370711,0.3725510382209526,0.3619508444901876,Parasitized
18,1.661577838000604,2.5616981360445408,1.5218332731865782,2.620521665456307,0.976918344896658,0.9614529799916081,0.9795972303357057,0.9610784481135737,0.7998263656196194,0.7533058376274477,0.799744330296513,0.7528777286552792,100.05669978922013,167.06212176228507,88.44664982557455,168.68533648027122,0.23290235071208845,0.22511014133927565,0.2340982775670228,0.22514747800723955,0.4825995759551478,0.47445773398615354,0.48383703616716117,0.4744970790291965,Parasitized
19,1.962475768485189,2.952712746190996,1.7590389227079775,2.9106280193236644,0.9698869926231126,0.94997529639378,0.9748950553116126,0.9514153441019685,0.7100231474224059,0.6429543309993833,0.7021168893657721,0.644030646690488,94.78440875103878,156.17679301374898,79.13913484596904,151.68097361575587,0.08827805442391493,0.08112249198402884,0.08876538142011953,0.08136122508986743,0.2971162304956007,0.2848201045994275,0.29793519667894147,0.285238891264616,Parasitized
20,2.072468405055183,3.379002793896427,2.1396180110968843,3.439179024285419,0.9665403776034667,0.9396423639007543,0.9659148884698685,0.9378153131200799,0.714165310774497,0.6290984811950943,0.6906793297141178,0.6315432861888131,110.32981389644257,196.29282183537575,112.380548442168,202.23468729851797,0.06547986183459441,0.057882580012692184,0.06444755734838405,0.05776852183254417,0.25589033165517294,0.24058798808895715,0.25386523461944144,0.24035083072988153,Parasitized
21,2.5016967706622997,4.262235449735442,2.7463910761154864,4.039351851851848,0.9707004868841719,0.9444796074732037,0.9680448220682446,0.9467318057313855,0.6639585165531217,0.5937692841534645,0.6563553789313531,0.6106132259903974,143.4927203065137,270.86375661375536,156.54101049868748,259.87610229276817,0.12858830130898585,0.11998485951307739,0.1278797556630611,0.12070303417506083,0.3585921099368834,0.34638830741391574,0.35760279034574255,0.34742342203003646,Parasitized
22,2.1149999999999993,3.4191520467836245,2.1178048426852216,3.4438596491228006,0.9665075684757932,0.9411863065761115,0.9665605910459244,0.9415954067354684,0.7506275740951825,0.688702437544223,0.7448886513960356,0.6833292954690882,137.76659420289843,240.71988304093537,137.57930984485995,239.04546783625688,0.13619881590002075,0.12678615856160846,0.13632375186753906,0.1266859327442628,0.36905123749964686,0.3560704404490893,0.36922046512556567,0.35592967387429614,Parasitized
23,2.000612276136536,3.219703977798341,2.0017860787915893,3.1966800287799435,0.9719076440111135,0.9485245456501076,0.9707657071332422,0.9489065748514779,0.7006809190977292,0.6313751692620935,0.7017465894518382,0.6353730369240097,106.28001428644313,193.04877171343452,110.64058991630931,191.61604481447264,0.08715100409259009,0.08024168265578462,0.08719108878504803,0.08037063861207153,0.29521348900853106,0.28326962889760104,0.29528137222833417,0.28349715803173675,Parasitized
24,2.0916360068677986,3.332543209876537,2.0831372549019678,3.27891358024691,0.9725798627647104,0.9523466570915279,0.9734116448305634,0.9527983294055973,0.7006458363501383,0.6354818547218873,0.6937269918213782,0.63953759833449,125.9033603139567,217.64612345678952,122.25343137254919,215.58320987654292,0.11558495647526879,0.10828060844383415,0.11625004925990069,0.10842701295534171,0.3399778764497313,0.32906018969762074,0.340954614662862,0.32928257311212467,Parasitized
25,2.2146358543417426,3.4768959435626168,2.154680664916888,3.4065843621399248,0.9691071794572926,0.94552361727702,0.9700092615628549,0.9463915232857643,0.6639980679732151,0.6009361940147029,0.6729510146551732,0.6039489111614976,121.26038748832877,211.7862433862439,117.76261300670761,208.4121105232221,0.07704483618065974,0.07080718503933636,0.07733279718960016,0.07096922445246982,0.2775695159426909,0.2660961950861687,0.2780877508801856,0.26640049634426327,Parasitized
26,2.763221859022706,4.992462737127386,3.067960349462365,4.896764905149067,0.9603048211963616,0.9224261843009608,0.9542907673293929,0.9232235157517141,0.7685561725502954,0.7115805825147169,0.7600424465369722,0.7144649190716705,221.3499287570189,433.1166158536592,254.91137432795685,428.664888211383,0.27252234741965764,0.25692359868900705,0.269768760664392,0.2573448529280147,0.5220367299526516,0.5068763149812852,0.5193926844540574,0.5072916842685425,Parasitized
27,1.762932389937103,2.9075590364305244,1.9288915094339594,3.095605395356201,0.9755397190646344,0.9559549997172729,0.9734237385419152,0.9529733814745497,0.7651147597089141,0.712678238119453,0.7515585860959322,0.6970420531951205,104.68863993710687,188.2735651279619,113.76458333333322,201.01870970293925,0.19091850259335047,0.18276008853868886,0.1901479534099221,0.1817819643444391,0.43694221882687245,0.4275044894953606,0.43605957552830105,0.42635896184370176,Parasitized
28,2.4642857142857184,3.892009225342536,2.4531260515512363,3.819427486094132,0.9681200256293929,0.9435643849503722,0.9696816225461482,0.9435806603128436,0.6609455122750318,0.5824669590553788,0.6443710093907482,0.5759343862469529,120.88021253699273,211.69407136073673,115.09381519617708,211.63302129968633,0.0602465334980115,0.05465496155361777,0.06043608493090281,0.05439754249277989,0.24545169279923798,0.23378400619721137,0.24583751733798243,0.2332328074966725,Parasitized
29,2.29317340971477,3.7347282347282293,2.118647100930566,3.460437710437713,0.9693383255436876,0.9456114512151064,0.9717653051378499,0.9486842415006821,0.7427757956968108,0.6847270938845882,0.7421104198427215,0.6921355097957436,149.4551259100137,264.48977873977816,137.67090193271292,249.54689754689744,0.17046059844113093,0.16123254081331811,0.17136657959036772,0.16181415641793212,0.41286874238809956,0.40153772028704615,0.41396446657940067,0.402261303654642,Parasitized
30,1.88306417157994,3.1758435418009925,1.9536918480580383,2.8894906511927787,0.9780745213335448,0.9579935104490211,0.9770631258624808,0.9611962648264821,0.6844492653449374,0.6068066936863653,0.6825869044528401,0.6270835612880277,84.95860035888248,161.5392220073073,88.8283824157061,149.22278100150442,0.08778428485020814,0.0809093721970797,0.08750537875918793,0.0816070587858179,0.29628412858303455,0.2844457280345052,0.29581308077768964,0.28566949222102433,Parasitized
31,1.9051959325396812,3.363425925925928,2.3040695868282106,3.4393768768768758,0.9714731447728989,0.9429940770871283,0.9646539895044837,0.9416853434998196,0.7234773616597528,0.6468253922082592,0.6985715291739687,0.6471183078512511,103.5770709325397,204.94425675675706,127.90146008077056,209.64933683683685,0.10052893713818714,0.090506332314547,0.09759239394936935,0.09058892123792964,0.31706298607404043,0.30084270360862503,0.3123978136116982,0.30097993494239716,Parasitized
32,2.20553846153846,3.529767441860469,2.325735407361778,3.7684237726098244,0.9724059061239384,0.94671615346209,0.9677443299421569,0.9453917862164072,0.7030422499103279,0.6475866419998932,0.7026430828213168,0.6354756703071491,123.73384615384609,237.3294573643411,144.32676215411507,243.22826873385046,0.11339736357659416,0.10518722699624096,0.11180631180218976,0.1048718746870183,0.3367452502658266,0.3243258037779926,0.3343745083019783,0.32383927292256925,Parasitized
33,2.0397137745974954,3.3816477375157747,1.9289206917113901,3.1276966528453833,0.9696979723183115,0.943790451710614,0.9713537567525304,0.9493558296726167,0.7215367629897477,0.6461113331513072,0.7259552972778457,0.6581936202571763,123.46559332140728,226.61174208280767,116.89767441860462,204.17462892855002,0.07765364223033648,0.06986913443241267,0.07795612995492343,0.07079088383455039,0.27866403110257426,0.2643277027335816,0.2792062498493245,0.2660655630376663,Parasitized
34,1.7072991358705658,2.728677865704101,1.7931605074462247,2.78458049886621,0.9759194299143495,0.9578201391274737,0.976016175573418,0.9573720646026592,0.7194365637248841,0.6434144721151412,0.6956558053573106,0.638702082813505,84.34657106085687,146.71229580267456,84.00753815039543,148.27081308713937,0.0914323527321915,0.08472854440784036,0.09069563572262368,0.08459833208166503,0.3023778310858643,0.29108167995914885,0.3011571611677592,0.2908579242201681,Parasitized
35,2.7883578431372307,4.407901234567911,2.384695439240899,4.019629629629639,0.9642520841168774,0.9396812570398719,0.9707526710176766,0.9447357177332287,0.7337302792258917,0.671595826758927,0.7348331563276764,0.6913638220977232,194.1752450980384,327.44481481481495,158.89856137128916,300.00629629629674,0.20671661365219943,0.19697649557994265,0.20876904017121745,0.19811428135954987,0.45466098760746937,0.4438203415571921,0.4569125082236395,0.44510030482976515,Parasitized
36,1.7769644862708622,2.892397660818708,1.812441860465115,2.752124756335278,0.9752796925552404,0.9545261973562565,0.9739854853028812,0.9553515569470153,0.723015645306242,0.6580620162979878,0.7160433682278389,0.6592164933175576,91.12950699043398,166.23664717348876,95.72631782945724,163.21941520467803,0.09296487780316867,0.08549966827399841,0.09189988957995296,0.0854084774422517,0.3049014230914127,0.2924032631042246,0.3031499457033647,0.2922472881692005,Parasitized
37,1.5554413611967524,2.7941492216854478,1.832494279176203,2.611417836055511,0.9813540666730992,0.9594741237354404,0.9753215251214234,0.9629204340004466,0.7496700842532757,0.6807445855841867,0.7360489675638936,0.6905121412503188,75.10056716531497,162.42692278199468,99.23852021357742,148.61417836055463,0.13615215920380913,0.12686164633478986,0.13359640540844034,0.1276517053231288,0.36898802040690853,0.35617642585492637,0.36550842043438664,0.3572837882176139,Parasitized
38,1.9800959909655536,3.0728426636355075,1.8671650914562448,3.0048309178743957,0.9696211445707092,0.9482259631898198,0.9730370166626283,0.9496962384172359,0.6942186646237598,0.621018870990393,0.6879429095777687,0.6263432329578578,101.83338038772806,172.17656531211554,90.59665209009253,167.2871080799471,0.07768149096203117,0.07158827545553556,0.07858115522302545,0.07188148700322791,0.2787139949159912,0.2675598539682954,0.2803233048161095,0.26810723041952433,Parasitized
39,2.0297837617299033,3.212708480150327,1.9622960372960316,3.1529245947850484,0.9692222658668239,0.9472547385229821,0.9717936967954897,0.9480652790135736,0.7166266708299922,0.6524674226286826,0.7158338860612958,0.6523100212457695,114.56973829923629,194.7257458303964,105.16392773892738,191.73338031477505,0.09345966817957234,0.08584620108355247,0.09407990271189523,0.08578443757932624,0.3057117403365012,0.2929952236531382,0.3067244736109188,0.2928898044987675,Parasitized
40,1.4344424638542277,2.3277910527014427,1.4188270994128915,2.1795101553166014,0.981143482695131,0.9667283962566617,0.982311136347372,0.9691544879506344,0.7979465511159061,0.7476614019805496,0.7879881950095409,0.7516979865735337,73.27903215158113,129.36343422275297,68.73296391582564,119.93053896190081,0.26864805276242476,0.26095195741154886,0.2688922308635229,0.2615776183711967,0.5183126978595303,0.5108345695149741,0.5185481953141124,0.5114465938601964,Parasitized
41,2.180519042804176,3.4871481028151763,2.209311740890689,3.5333877328981287,0.9726404911887414,0.9494443853653315,0.9715316045585055,0.950481626610566,0.7023767884135304,0.6278661208982512,0.6933551213855277,0.6306414252428729,112.85473542298594,206.6945464436283,117.31470985155198,202.45382836937264,0.09313781332893449,0.08498065321610972,0.09228262087014484,0.08537480591764104,0.3051848838473729,0.29151441339341994,0.3037805472214191,0.29218967455685535,Parasitized
42,1.9003267973856277,3.164415395787934,2.1587782587782556,3.2629871701767006,0.9722839562657812,0.9471032197609671,0.9662459872874258,0.9449797289189122,0.7232695938867095,0.654853883187805,0.710689693647123,0.6509798860907787,96.76778162245314,183.1482449770026,117.70634920634895,190.50055676591532,0.0944684676589806,0.08604713896341164,0.09280716068354311,0.08562993106247223,0.30735723134323784,0.2933379262274342,0.30464267705550235,0.29262592342865357,Parasitized
43,1.9291863517060375,3.3325925925925812,2.0928729107537123,3.1880423280423185,0.9729646678480136,0.9484443143614554,0.9713084746617162,0.9510474893789028,0.7381648692547986,0.6608451184456658,0.7187799477256224,0.6630749459938541,107.41926509186354,203.07068783068723,113.9262588037426,192.8171428571422,0.09778502765894431,0.08895028554631684,0.09686579394544438,0.08938245149911772,0.3127059763722854,0.2982453445509533,0.31123270063642794,0.2989689808309847,Parasitized
44,1.9032830523513742,3.043269766923156,1.8748707724117546,3.1998438719750135,0.9711540435091394,0.9508672043269188,0.972072368226408,0.9484619408125431,0.8114933432559824,0.7614617146789717,0.7962230658621103,0.7534723459567463,136.0350488021295,231.93044868220474,131.69424752621475,243.28445039217863,0.2824963991245067,0.27450690185897453,0.2840117417729323,0.2735089584783579,0.531503903207217,0.5239340625107081,0.5329275201872505,0.5229808394944865,Parasitized
45,2.061482168625025,3.1737732129888925,1.886315681128099,3.1675485008818263,0.9673488084378907,0.9460395664154981,0.9723302056992851,0.9461135589664083,0.7184266945623631,0.64875996836753,0.7151971751042339,0.6516888616454208,115.02963306534716,188.53999377528748,97.72770315475292,188.28146073244065,0.08829877010866924,0.08105023525857766,0.08946992929228766,0.08111351805576003,0.29715108969793336,0.28469323008912184,0.2991152441656688,0.28480435048601355,Parasitized
46,2.117298896959916,3.5005426672093267,2.2924153711555277,3.5691900691900553,0.9694015214897341,0.9426920713294246,0.9657802590882432,0.9398537334816739,0.6648281147193558,0.5860059865147403,0.6558692288814043,0.5958672088644822,108.67070217917706,200.679487179487,121.45911568746207,210.61870845204115,0.06722934353926097,0.059958326125286524,0.06661649498330041,0.05985778618392873,0.25928621933928725,0.24486389306160786,0.25810171441371793,0.24465850932254274,Parasitized
47,2.6884741075917526,4.441468819246603,2.6932831136221007,4.1901234567901176,0.9699957631986612,0.9475839531792292,0.9716689683592654,0.9476275934880805,0.6708632812852429,0.5942649555310253,0.656080416932236,0.6104377198883837,159.34684514831605,277.0991452991456,150.5388575015696,276.8684393795506,0.12532340312012744,0.11727948937403432,0.12612587280589263,0.11709184058450703,0.354010456229936,0.34246093116446774,0.35514204595611126,0.3421868503968366,Parasitized
48,1.8795180722891558,3.0172091283202414,1.8154303773935672,2.978226711560046,0.971452513953738,0.9501393152760449,0.972806899323895,0.9508143460426361,0.7391025882342936,0.6794884316766878,0.7392752236458737,0.6760953730676613,111.85073627844702,194.53423120089795,106.57371258598246,191.90056116722786,0.12676349054527608,0.11946828862820048,0.1270245649346377,0.11957858993420356,0.35603860822286687,0.34564185022679256,0.3564050573920602,0.3458013735285092,Parasitized
49,2.0186480186480207,3.4025106837606556,2.249309978768569,3.395459401709373,0.9640944420705593,0.9313545590878453,0.9588049905688065,0.9308254009206623,0.6914043416512909,0.6160728505841917,0.6809737400697073,0.6252667293072728,111.98781521508803,211.6220619658105,128.17945859872577,213.25336538461372,0.07774867252450633,0.07024782672218478,0.07662395026167354,0.07039959233919464,0.278834489481675,0.2650430657877787,0.27681031458685484,0.26532921501258516,Parasitized
50,1.952991452991436,3.2509689922480636,2.1461641272387006,3.2649655469422907,0.9760866577686192,0.9541748449345732,0.9722514243352163,0.9539424682156051,0.7067401036844898,0.6390267776137946,0.6983738459577509,0.6348548604268645,101.32190170940099,192.6583763996555,117.40240577385693,193.63533591731272,0.10361638022545329,0.09565039912622851,0.10236193131000772,0.09552557437296025,0.321894983225047,0.3092739871476884,0.31994051214250396,0.30907211840112697,Parasitized
51,1.7852396772662564,2.7347336595456886,1.6882803856488033,2.83442733818674,0.9772516916342807,0.9626697814357028,0.9798039646819183,0.9611482615690587,0.775775406438378,0.7229788859033293,0.7694768526251736,0.7226062636608291,101.08819806992571,165.6561642200741,89.77718507981643,172.4080439193223,0.18757201218990166,0.17961220124807278,0.1881260323423912,0.17924439148851218,0.43309584642420856,0.42380679707630076,0.43373497938532835,0.4233726390409661,Parasitized
52,2.110855683269476,3.365226337448576,2.1283700980391984,3.447839506172868,0.970668051793846,0.9481152388459183,0.9712033529758974,0.9473712822558391,0.7124469495707282,0.6497138726649763,0.7121819831112433,0.6517757289094589,113.42773946360128,199.6031893004126,111.30851715686205,202.46522633745008,0.11220676280278988,0.10413460245939926,0.1119740341234094,0.10425500564150272,0.3349727791967429,0.3226989347044692,0.33462521441668047,0.3228854373326594,Parasitized
53,1.9974488494310911,3.158803576934942,2.0456215554194683,3.2526467262822574,0.9688258183106403,0.944614863764466,0.9687193370559709,0.9426927340857345,0.6976376305620458,0.6284615813625491,0.6880532314547754,0.6268345688161037,101.95030358691764,178.80131565423002,102.26893243519064,185.00657827114847,0.06959459610207361,0.06213964529826261,0.06910127934970184,0.06204844153526368,0.26380787725553917,0.24927824874678217,0.2628712219884517,0.2490952459106028,Parasitized
54,1.988346424354438,3.1241343669250714,1.8953333333333318,3.0064082687338574,0.9666340792975688,0.9438797049133948,0.9725000309763587,0.947148799895301,0.6986908529918548,0.6246608596584694,0.6846072591518119,0.6277877232113099,103.32044766158467,172.13054263565922,85.36189743589726,162.10366925064645,0.07099173945366372,0.06471329313809955,0.07175090861275453,0.06505301364100755,0.2664427507996112,0.25438807585674994,0.2678636007611981,0.25505492279312614,Parasitized
55,3.193734889099156,4.735396825396799,3.226299212598443,4.886507936507904,0.9777918136668176,0.9605695093764384,0.9777908565356577,0.9595513778957592,0.5170580903414281,0.45853414948996374,0.506344618842564,0.447400117145329,113.69073898875327,199.9035449735441,113.84204724409499,205.06523809523694,0.0557909814283814,0.05121483861034083,0.055908381727875274,0.05096740712745948,0.23620114611995727,0.22630695661057534,0.23644953315216183,0.22575962244710518,Parasitized
56,2.335675645530089,3.5892034602853706,2.1926421404682257,3.7709807886754416,0.9717020055105188,0.9491462341000239,0.9711581516596582,0.9482392046263531,0.7093743845173319,0.6636704886857356,0.72090860396052,0.6533929673313331,146.49116055992448,262.5433659139426,149.28450390189502,267.22609819121504,0.1561027531904858,0.1479603005768147,0.15628201710395942,0.14745035331726633,0.3950984095013365,0.3846560809045071,0.3953252042356513,0.3839926474781338,Parasitized
57,3.361934856587266,5.01397058823532,3.0331715210355883,5.239950980392183,0.9629829367400263,0.9379282762092118,0.9684021054144837,0.9382814023516526,0.6214239672900483,0.5578971862536797,0.6182088172810876,0.5553119303172754,210.86185383244225,351.98635620915104,180.22103559870493,349.9839052287591,0.12186404980867122,0.11373068651480243,0.12372532231543366,0.11348729054530356,0.34909031755216474,0.33723980564992984,0.35174610490442343,0.33687874754175806,Parasitized
58,2.974253285543606,5.128033724781697,3.187470109995225,5.047455585666975,0.9647269339672653,0.9346748151245993,0.9627876367694972,0.9345607951392845,0.7095561715845624,0.6480135767110133,0.7065173975854513,0.6561951089580746,203.75585424133803,376.431135200241,214.90327594452444,377.0881662149961,0.16846538849135456,0.1575620273784459,0.16797388086733336,0.15756413998279667,0.4104453538430598,0.39694083611848996,0.4098461673205367,0.3969434972169171,Parasitized
59,2.2199549549549484,3.443083900226749,2.2986439608956126,3.383310657596356,0.9783688739138143,0.9597175039383292,0.9774505479628959,0.9607208521596224,0.5891892753453578,0.5168223657110045,0.5821763332916993,0.516184903061605,78.39905405405366,144.1652607709744,81.65225030409484,140.57442176870677,0.04770522786299761,0.043098661565910974,0.04733573105542338,0.04305517762660577,0.21841526472066372,0.20760217139016388,0.21756776198560157,0.20749741595163484,Parasitized
60,2.394796111901375,3.58694354934958,2.33427979887607,3.6889843656761077,0.9708578157525117,0.9516154187288365,0.9731442309152079,0.9491865506597564,0.6198724717681159,0.5487210024185576,0.6163057793720679,0.5504198651808958,109.00622332859166,178.9742212674555,100.679384797397,187.9585869435499,0.05442887614630411,0.049246185326181836,0.05501284252754359,0.04901698662685475,0.2332999703092654,0.22191481547247321,0.23454816675374718,0.22139780176608517,Parasitized
61,3.0013350559862206,4.5811999133636325,2.967922256621964,4.733333333333321,0.9749400519261395,0.955482043565736,0.9752326092824464,0.9548119064131725,0.5864056729286805,0.535097924509505,0.5950080636392138,0.5212118266822834,140.67299741602085,248.6771063461112,139.24707602339274,252.42048949534293,0.0997957233769639,0.09358858967262627,0.10062298543579479,0.09335427748652685,0.3159046111992731,0.30592252233633643,0.31721126309731623,0.30553932232451986,Parasitized
62,2.9843435794311834,4.655270655270651,2.8834629789686086,4.924332415857821,0.9681542138482244,0.9437603327551005,0.9677795556241792,0.9422975107358585,0.7285867988728251,0.6917744271771918,0.7370153950715148,0.6836414938367126,203.43766159149598,359.8690424453145,205.95644866993229,369.2294171616208,0.28439746378036396,0.27280112185839844,0.28345023602154235,0.27175068305838496,0.5332892871419451,0.5223036682413771,0.5324004470523502,0.521297115912207,Parasitized
63,2.717966374017331,4.27933702933702,2.5781249999999702,3.997863247863247,0.9721150224594062,0.9519179873450951,0.975732200459208,0.9545759319060895,0.6213928206546584,0.5506375465327831,0.6131137527911236,0.5582328503449251,131.41435703219148,224.9059251559242,114.59735576922974,212.47326172326132,0.08634768387096475,0.07971462820301978,0.08732681080938144,0.08008451238700691,0.293849764115891,0.28233779095795836,0.2955111009917926,0.28299207124406667,Parasitized
64,2.3756129454070027,3.674022837066306,2.244277305428377,3.6251646903820705,0.9732636319616674,0.9513835219240021,0.9727969044752682,0.9513150117163265,0.640478360684416,0.5696297371213894,0.6453852581902295,0.5731575855750828,104.80963277759632,188.07992973210318,106.62927839546512,188.34497145366637,0.06055991309104594,0.054014660168351755,0.06033052445017018,0.05402417428664023,0.24608923806425576,0.23241054229176386,0.24562272787787814,0.23243100973544864,Parasitized
65,1.8532897534013617,2.9496794871794507,1.8344891723130017,3.057478632478589,0.9764765123140975,0.9598199005399509,0.9779775190693439,0.9579478445935742,0.7665722413320645,0.7127535618688627,0.7577269978613339,0.7127970580157581,116.67992665816368,199.23637820512604,109.22941410920625,208.5191239316216,0.22640878335865613,0.21899629150229719,0.22652032030158634,0.21825744232081448,0.4758243198478364,0.46797039596784024,0.4759415093281803,0.4671803102880241,Parasitized
66,2.8474025974026076,4.2972865914042115,2.5297557619538993,4.471578530402029,0.9676575543593771,0.9456148332111648,0.9709659679724502,0.9436041376874089,0.6791992525458164,0.6257071093547606,0.6841045889774797,0.6151458620076401,171.08982683982748,286.810457516338,153.74327976804707,297.4142404436503,0.14621986488685218,0.13800523095097855,0.14726355119383688,0.13749300355231198,0.38238706161015984,0.3714905529767595,0.3837493338024665,0.37080049022663386,Parasitized
67,2.645635719076365,3.915231340763233,2.5569292696952264,4.082935301780254,0.9763504322867473,0.9606006795833462,0.9790995294169724,0.9596095273918617,0.6181684919177417,0.560406422176263,0.6116148346587967,0.5459712137391406,115.97437002970254,191.79915086601895,102.63494345409212,196.62416172142474,0.07887211693673706,0.07325923224396616,0.07958140632710532,0.07296569873267017,0.2808418005510167,0.2706644273708057,0.282101765905684,0.2701216369206106,Parasitized
68,2.130992599742599,3.37475704567541,2.1577104214466747,3.4669177194687335,0.975674655999225,0.9579619081817178,0.9768102205630065,0.9570274189951196,0.6901498641180334,0.6271587036814995,0.6772993937818996,0.6190781466069002,115.16059362934355,198.20331227729173,109.75944934186656,202.6092889536766,0.12863351552005323,0.12134391912163064,0.12837133885581783,0.1211602129513937,0.3586551484644452,0.3483445408236372,0.3582894623845611,0.34808075636465985,Parasitized
69,1.8429148629148615,3.0614478114478088,1.9072373361058153,3.1336061767096206,0.9733081697475985,0.9524295367715627,0.9728875306362686,0.9511833396558586,0.783776956950453,0.7265280997310639,0.7708963030673048,0.7252571468615433,128.86450216450206,229.52371415302446,130.90492693351797,235.53782073609645,0.21044009086952753,0.20201054989198497,0.20926495249954397,0.2016351342131186,0.45873749669013053,0.4494558375324376,0.4574548638931976,0.449038009764339,Parasitized
70,2.056488776572026,3.330172242134618,1.9976975638740317,3.3332586618877036,0.9728989647787589,0.9524404506073357,0.9746845443235544,0.9535287647910031,0.7715322110512265,0.7225057536585975,0.7647667230647104,0.7209243650238655,144.93825875823808,254.4762295898058,135.37133590810026,248.6530017921154,0.2702733390019183,0.26195064328712087,0.2711934676141321,0.26206088013120743,0.5198781963132502,0.5118111402530438,0.5207623907446967,0.5119188218176857,Parasitized
71,2.2276229790161644,3.4891586264135066,2.2134611420325627,3.5840509043123263,0.9792055531473856,0.9627401248916467,0.9788571115340912,0.9617938694486636,0.6775425498371535,0.6266140539793241,0.6839395108810418,0.623962687440783,121.95847953216347,217.9637583428418,124.03768982340395,223.49918732925153,0.1517734773980073,0.14493724246439846,0.15233207526524495,0.14459080684671913,0.3895811563692568,0.3807062416935116,0.39029741898358095,0.3802509787583973,Parasitized
72,2.3784203218165487,3.709828585522239,2.2799428104574857,3.6695441279236825,0.9776617653886438,0.9604907492767935,0.9790802977206315,0.9612426784791283,0.6454281411485403,0.5844515893096627,0.6501978196686464,0.5819428057732243,111.66960712243727,196.41250462449028,104.57814542483543,192.67443581205936,0.10068769766899172,0.09415024963487369,0.10060754794496567,0.09425291472323773,0.31731324849270276,0.30683912663621254,0.31718692902603296,0.3070063757045409,Parasitized
73,2.2297194016814093,3.41541591071527,2.198308783415161,3.585738633239871,0.9740911194933289,0.956020110246575,0.9750782818541741,0.9536272240672375,0.694672419703754,0.6390129811560313,0.6956533363246237,0.6312404231054828,127.60683480729334,215.54934300951157,122.85951991271133,227.2770905492331,0.10608186388828122,0.09982443432177875,0.106585332134484,0.099436241816925,0.325702109124705,0.3159500503588799,0.3264740910615787,0.3153351262021486,Parasitized
74,2.1405035577449443,3.4619708994708898,2.1135717410323713,3.4844576719576597,0.969536876784196,0.9471909649048986,0.9704281609863494,0.9458315873791723,0.7406018101067535,0.6797469012862065,0.7361111673417682,0.6818549876464358,137.711165845649,237.92658730158666,133.7620844269471,244.05114638447884,0.1458185839183527,0.13745621812682488,0.14653695072243617,0.13727045682599087,0.3818619959073601,0.3707508841888646,0.3828014507841319,0.37050027911729144,Parasitized
75,2.3301003667245648,3.4790209790209876,2.0575959128590706,3.358877233877251,0.9713753431189996,0.9530832662369783,0.97694259299651,0.9547069390084877,0.627163963671309,0.5489480210698451,0.6322668022693599,0.5656310115091476,107.68196294151682,174.9695027195032,87.13876036244463,168.91423853923928,0.06261310079093546,0.05736364498565871,0.06408705929934363,0.057835986048399145,0.2502260993400478,0.2395070875478609,0.25315422038619784,0.24049113507237463,Parasitized
76,1.7595365418894808,3.0764085297418675,2.15015618027666,3.111964085297424,0.9812755875297816,0.9628424243768731,0.9755605506762277,0.9604473664270562,0.7182931061118487,0.6445730433987109,0.6926975418701382,0.6526119897947544,83.61247771836004,165.556588103255,109.07233377956261,176.22783389450086,0.17193603521055173,0.16329411385333614,0.1691708935001244,0.16277342624398428,0.4146517034940912,0.4040966639967919,0.4113038943410631,0.4034518883881748,Parasitized
77,3.617715617715609,5.800974864928307,3.618173340327539,5.879786234437357,0.9603700680225029,0.9286521714533696,0.9597380117738213,0.9278202059438765,0.6084985616815337,0.556914419842786,0.6124886104164178,0.5456787665969195,248.65710955710884,445.79334038054617,252.24707116628664,450.99160206718005,0.13097527181443175,0.12153125075701755,0.1300993201076937,0.12153896063298139,0.3619050591169344,0.34861332555858726,0.36069283345763015,0.34862438330240386,Parasitized
78,2.5465616797900315,4.057724867724854,2.67859770839905,4.134761904761886,0.9740526512104155,0.952907452832341,0.9736185857982745,0.9519575233748122,0.600800493198127,0.529032932689899,0.5911396012842304,0.5254132109377311,109.34614173228347,196.2426984126979,111.30679070745356,200.201216931216,0.06432410909266266,0.058170630721424005,0.06441947371856549,0.057993911144704285,0.2536219806969866,0.2411858841670134,0.25380991650951207,0.240819249946312,Parasitized
79,2.764492753623187,4.330145719489965,2.5750852541189024,4.262419274714333,0.9688151483000961,0.94840850447483,0.9735456667310223,0.9485288887238965,0.6800113927169136,0.6107559965743506,0.664669550737766,0.6173531395462385,184.3519433465085,304.22640337804177,156.52167303504646,303.5165176353682,0.14784027444843892,0.14065689864009898,0.14952012166386047,0.14057296896633042,0.384500031792507,0.37504252910849856,0.3866783180679523,0.37493061887011897,Parasitized
80,2.1623863876558818,3.1042530568846405,1.6961264822134368,3.189420520999469,0.9716898163277842,0.9579079880314574,0.9808603311737208,0.9564340701236023,0.7376495760757332,0.6894505473902772,0.7506393339375792,0.6802231871415833,132.84099556119176,196.84460393407787,90.02930171277997,203.7374269005848,0.13164411866558606,0.12524043846506733,0.13508984465726157,0.12473246695105172,0.36282794636795285,0.35389325857533277,0.36754570417468024,0.35317483906848707,Parasitized
81,2.481633651259466,3.801566193853414,2.542644757433489,3.9759160756500953,0.9781118840101882,0.9597652243366558,0.9770320158766014,0.9592318175282641,0.6181027700642254,0.5518825472085505,0.6078001562299531,0.545108992737848,99.82739056003862,181.7091706067767,104.66383020344274,184.11815405831308,0.07110776779387815,0.06501845946731791,0.07059510977959108,0.06496045495582929,0.26666039787317153,0.25498717510360774,0.26569740265872205,0.25487340966807287,Parasitized
82,1.6542237907786992,2.8107738583538353,1.8531702898550746,2.799015586546346,0.977563455492879,0.9565239582418691,0.9739468850801468,0.9565347018731494,0.7312083445625205,0.6625870899625845,0.7164787638739885,0.6665809492261968,83.89005022397188,161.55737854343235,97.30760869565246,161.51745510892331,0.11975071742703686,0.1111183901433496,0.11808291202281616,0.1111858684026906,0.3460501660554967,0.33334425170287485,0.34363194266950237,0.33344545041534246,Parasitized
83,2.828824590292486,4.577556188667309,2.925925925925917,4.595599873377656,0.9680671097335538,0.9428904334898005,0.9675217703950902,0.9426626925892745,0.6565340916371393,0.5890294736621746,0.6448682057582307,0.5950303255765401,195.59146867403766,347.6900918012037,198.9183929692399,349.0766065210517,0.12355527818052593,0.11475945448875569,0.12337657931613022,0.11484792529141159,0.3515043074850235,0.3387616484916138,0.3512500239375511,0.33889220305491186,Parasitized
84,3.0899460708782827,4.467689717689711,3.116252168883759,4.928580678580681,0.976002852745541,0.9551320935709389,0.9728219209124394,0.9534326309729068,0.5122609143017944,0.4704805946622737,0.5262248498280717,0.44880587386229054,123.11652542372927,227.27214452214426,139.03669429985268,235.88053613053597,0.0600757174293143,0.054393022730240916,0.0592326850685302,0.05422021543978281,0.24510348310318705,0.23322311791552935,0.24337765934557387,0.2328523468633778,Parasitized
85,2.2955402298850647,3.6841203703703456,2.4011681383370047,3.6186574074073845,0.9789668985848972,0.9594401021474468,0.9763030520949694,0.9591320517536256,0.5955751025632519,0.5195369356212928,0.5915096205529642,0.5245651234433765,88.36202298850594,168.2892129629617,99.3891188373801,169.56736111111013,0.059602814638657964,0.05380878986625447,0.05884095097356,0.05383797153635061,0.24413687685119995,0.2319672172231552,0.2425715378472091,0.2320301091159305,Parasitized
86,2.594479830148609,4.147872960372987,2.4903123192596963,3.8384324009324193,0.9764344937319169,0.9583803119509591,0.9791302674741292,0.960790550218723,0.6241139891492908,0.5520604956845148,0.6179223352036416,0.5589057013647596,114.93601621308565,201.5625000000014,101.89449585502257,189.88981157731254,0.0904116278779957,0.08387350206989022,0.09120742482550405,0.08426708346124961,0.30068526381915645,0.28960922304009973,0.30200567018767055,0.29028793199382164,Parasitized
87,2.4612216884008253,4.363547252493806,2.7463071109584356,4.227930577178126,0.9676298546585759,0.936978013970645,0.9616042087196854,0.9371656736508994,0.7396996306818803,0.6788360204928157,0.7411095523280957,0.6893893412670802,180.52791123312755,351.0320590439959,214.11983281804672,349.98679582540603,0.19722530998829102,0.18584317351869836,0.19585943121516286,0.18623035563154178,0.44410056292273603,0.4310953183678737,0.4425600876888503,0.4315441525864321,Parasitized
88,1.9064701064701082,3.176870748299317,2.186419145971637,3.157245928674499,0.980147871671034,0.9610386490051979,0.9764207171178517,0.9609267802502934,0.667119001092817,0.597726621690182,0.6496618058441065,0.5972503965590086,78.36036036036027,152.37761286332687,92.86128186214209,152.81513090084496,0.08108143910048088,0.0742863670083387,0.07975622560023542,0.07420230772293658,0.2847480273864612,0.2725552549637205,0.2824114473604698,0.2724010053633,Parasitized
89,2.120155038759693,3.5058857306919395,2.4246723646723596,3.674705713465412,0.9756805695143418,0.9512354341584899,0.9701315609798808,0.9499547264744612,0.6396712620028824,0.5630969677643076,0.6191749012858366,0.5522190053416612,92.75786593707267,183.3913867355735,113.65407407407383,188.20780935974804,0.05815748369703892,0.05169682957845658,0.05676093375865433,0.05147223184609697,0.24115862766452897,0.2273693681621528,0.2382455325051329,0.22687492555612437,Parasitized
90,2.2938787001286967,3.692743764172341,2.330274121482903,3.597505668934237,0.9751013252008691,0.9539574621284143,0.9748682181459684,0.9564819351773943,0.6541440939019845,0.5941144766201327,0.6485889353414594,0.5885817880472826,120.21786518661494,220.7493521218012,121.20826792255328,208.64585357952683,0.09692533851332687,0.0900890854822501,0.09620404466742705,0.09034935843504563,0.3113283451813003,0.3001484390801493,0.3101677685824674,0.30058170010006535,Parasitized
91,2.900384501626738,4.460257787325466,2.7279516358463667,4.674006444683155,0.9685589818100114,0.9451349903673334,0.9693886121675023,0.9433296466447807,0.6788729809336264,0.6241266579911404,0.6849759236000104,0.6225611436535772,174.58911564625822,304.0883757011583,170.0486012328113,314.0944623463432,0.1516661500962146,0.14265069631096203,0.15196637665778295,0.14255254282080312,0.3894433849691308,0.37769127116066903,0.3898286503808859,0.37756131001574184,Parasitized
92,2.5680555555555555,4.1387924382715955,2.6388409961685824,4.023919753086415,0.9722996333367513,0.9479748236439245,0.9699589520635205,0.9487458097885786,0.6287305601672397,0.5621549619951705,0.629801296672563,0.565245874383203,127.00589080459798,236.83294753086372,137.91786398467468,233.3232060185184,0.08055961428010469,0.07390560643772122,0.08053832862663501,0.07412507159374503,0.2838302561040748,0.2718558559930634,0.28379275647316127,0.27225919928212716,Parasitized
93,3.0894801051051184,4.907596371882071,3.0060051606849485,4.904195011337855,0.9695186373398855,0.944446947034427,0.9691546707654878,0.9446241866023394,0.6328343835262253,0.5736630958183161,0.6374265501660346,0.5744011352593867,183.82352665165226,333.51313303099,186.0714520290866,332.4490740740743,0.11815643042218832,0.11012575729512832,0.1181562401142022,0.1102902007101236,0.3437388986166511,0.33185201113618146,0.3437386217959835,0.33209968489916336,Parasitized
94,2.72579225352112,4.076930654058303,2.734409391049139,4.2737391646965746,0.976497777415899,0.9606751986866264,0.979190574541404,0.9587300253498539,0.5904717292636801,0.5187168347213336,0.5723102915685974,0.5158345789493579,110.1055848982779,182.38356973995238,97.74668623135159,191.40504334121255,0.055776912687872396,0.05080442633476255,0.056165975903832537,0.05073048498519825,0.2361713629716194,0.22539837252021708,0.2369936199644044,0.22523428909737134,Parasitized
95,2.2634004082823007,3.5463844797178186,2.240779645191413,3.516519694297477,0.971718523040755,0.9515630695701986,0.9736899773396036,0.9513194131468246,0.6433254953451516,0.5535475628268394,0.6222123926807541,0.5605607222601311,107.3908428113153,181.86948853615556,100.01062091503285,182.7843621399179,0.05720000976353122,0.05163792367528748,0.057181866482976774,0.05166469148244584,0.23916523527371453,0.22723979333577884,0.2391273018351873,0.2272986834155575,Parasitized
96,1.5346364417899645,2.6104730653541157,1.7520833333333348,2.641646158053048,0.9761081567808365,0.9552244150793183,0.9724079954928089,0.9547396940651081,0.7636898328771807,0.6915320758935135,0.741911538375392,0.6886461817914418,88.2626577982897,164.22873940388288,101.81467391304372,166.00660833105454,0.1089691344470596,0.10066425941208884,0.10703630921320405,0.10054431479396535,0.33010473254265776,0.3172763139789809,0.32716404022019907,0.31708723530594124,Uninfected
97,1.9859727470514152,3.3232428068961615,2.0057195149851292,3.3772127082973,0.9671755191205691,0.9420010161744732,0.9674373927445982,0.9415752202692076,0.8061974167962648,0.748561454640125,0.7961222220071327,0.7408402979860269,151.00234741784047,265.9073401372317,149.8555250514757,267.85948221184395,0.17278059321325076,0.16123845865649034,0.17234833124677706,0.16079742649078016,0.41566885042453056,0.4015450891948379,0.4151485652712497,0.4009955442280876,Uninfected
98,1.4933540723981857,2.6434472934472955,1.761453172918142,2.562915479582149,0.9684662007561917,0.9342114576775963,0.9597372066792222,0.935709748929714,0.7227915464081872,0.6405501428533658,0.7084807086557848,0.6503958086034372,75.3479920814477,154.16120607787295,95.90214673272003,150.65028490028513,0.05196217639110652,0.04454920211686608,0.050794072787422394,0.044975005839599194,0.2279521361845651,0.21106681908075006,0.2253754041314677,0.21207311437237675,Uninfected
99,1.7780006292276214,3.0546454574232342,1.909412597310689,3.120093383982275,0.9723335015249226,0.949115404852513,0.9701842019167457,0.9474685253824597,0.7884765039032086,0.7257684701170837,0.7771838910287656,0.7258019151663146,121.37041843636929,222.66995093383971,130.81851065502892,229.87666191832875,0.17163554473139492,0.16224834437596267,0.17093480578896092,0.161957144946114,0.41428920421777216,0.40280062608685535,0.4134426269616631,0.4024389953099898,Uninfected
100,1.6271194083694092,2.6444262890341306,1.5592968221771477,2.611201888162674,0.9757894741358853,0.958271824226073,0.9779669013654224,0.9587661103722465,0.7891675205941824,0.7262890910295471,0.7809940835051954,0.7315822355515504,103.85980339105346,178.2606209150326,94.58215010141993,176.14905591866386,0.14683892435388998,0.13692944962638343,0.1468598167650899,0.1372695133496325,0.3831956737149964,0.3700397946523906,0.38322293350619024,0.37049900586861567,Uninfected
101,2.6867188735959946,3.5602100489318347,2.5489173383909796,4.067669172932325,0.9867736589712326,0.9786211478699446,0.9883138065400263,0.9764061188634083,0.52319914740084,0.4838338219836569,0.5352034894002192,0.4739194306028608,84.68244739756554,135.57723674264994,74.8121542595212,149.6241794963606,0.0611453938628202,0.057155848289757415,0.06133428495376422,0.05670934339215647,0.24727594679390108,0.23907289325592188,0.24765759619636993,0.23813723646703483,Uninfected
102,2.61955141768936,3.9986265037416704,2.787361189535058,4.037463294496624,0.985118987050936,0.9718138357521064,0.9837513408420837,0.971735492067297,0.5514383974932938,0.5019431677517535,0.5481777865246433,0.4975465901195796,88.61767056942631,166.23913043478646,96.65438546960118,166.70119352089074,0.0707962314467396,0.0652397151665434,0.07008174011739671,0.06514625530356924,0.26607561227354076,0.25542066315500667,0.26472956033921996,0.2552376447618361,Uninfected
103,3.149038461538408,4.293927648579031,2.8169005061183605,4.579198966408543,0.9820500849790162,0.9729985304250157,0.9870484223083303,0.9713349843284491,0.5423502358645442,0.4975564596063625,0.5504395260689464,0.49519595429881585,133.99455128204903,199.79354005169037,97.12556858223162,212.1027131783075,0.061769278024324005,0.05748849060887722,0.06363105171993305,0.05728041392077842,0.24853425925679543,0.23976757622513772,0.25225196078511075,0.23933326956522033,Uninfected
104,3.072774072774071,4.187128304775416,2.6893090569561666,4.426779720897469,0.9833433940746171,0.9718646428397122,0.9851441849782547,0.9710940263057033,0.5406967525149183,0.4989362601978383,0.5571442496181165,0.49867485284896834,119.98092898093016,200.81787670023252,107.06442577030838,206.31820055349866,0.07053831579981239,0.06552354731502932,0.07127659410714192,0.06531620030240018,0.2655905039714568,0.25597567719420006,0.2669767669800912,0.2555703431589827,Uninfected
105,2.8693376068375254,3.8500779444175413,2.4048075898091708,3.9984411116486105,0.9807874924898571,0.9692672415705479,0.9844029185313228,0.9679178404783391,0.516602229831552,0.4823497489588532,0.5500916081559217,0.47336139073951655,102.7159188034161,162.91861527710455,83.55148704828832,170.07197763801335,0.06515728869895206,0.06117833982734975,0.06674925148427209,0.06095682064459539,0.2552592578124289,0.24734255563357824,0.25835876506182653,0.2468943511800045,Uninfected
106,3.1151282051281712,4.413307493540215,2.8135050291498986,4.543669250646158,0.9785227821024225,0.9631515094126438,0.9805504902884314,0.9624682880924742,0.5507238212986527,0.5120986630387926,0.5600476498724434,0.5075311993598771,141.1428205128192,239.71124031008597,127.97834582612786,244.15581395349741,0.07038369288297022,0.06487790363827434,0.07153214775972089,0.06470545264708143,0.265299251568809,0.25471141246177864,0.26745494528933444,0.25437266489755034,Uninfected
107,3.0431162652393824,4.456590193432154,2.951170568561926,4.43619733093403,0.9829228054493954,0.9715666503852156,0.9855533833960489,0.9714517432430813,0.5399639036652842,0.49205667290366784,0.5476122068766954,0.49603640496520085,120.0217068093981,197.68990853200816,101.73006317354327,198.48882890987593,0.06134393085305451,0.05629201057182523,0.06211852520223641,0.056275532421049365,0.24767706969571185,0.23725937404415706,0.2492358826538354,0.23722464547565322,Uninfected
108,2.782186234817823,4.212566299469563,2.817391304347771,4.071671426628568,0.9823503190769188,0.9664502861618517,0.9808786914916894,0.9673441207091543,0.49901044131275296,0.44759600398614663,0.515105247258414,0.4550323403148054,93.73562753036481,175.39113287093565,101.19312436804725,170.71834625322902,0.04300893219761795,0.03874530720060446,0.04249588297925774,0.03880182776027198,0.20738594985586162,0.19683827676700602,0.20614529579706092,0.19698179550474196,Uninfected
109,1.6205855855855813,2.6893424036281135,1.5748524575393033,2.6052607709750526,0.9757073554986551,0.9570002773924072,0.9766386519989115,0.9580394648619104,0.8009857370772013,0.7431487462456441,0.7990250838048187,0.7487995227734975,106.95932432432399,188.81977324263025,102.87016263459,184.25650793650757,0.17632315964613124,0.16658582277960288,0.17655794766984742,0.16697389256533995,0.41990851342421154,0.40814926531797513,0.42018799086819153,0.4086243905658838,Uninfected
110,1.7068595222441425,2.557363315696648,1.409620098039208,2.46926807760141,0.9744544704889392,0.9596421757273175,0.9811105868868165,0.961232607467438,0.7559937036471757,0.6928911639818525,0.7556063066850363,0.7001381142697864,99.74446635985122,156.70533509700172,73.91504726890727,150.5298500881834,0.10600628241653938,0.09875820304116156,0.10727158606242657,0.09916982968313061,0.3255860599235468,0.31425817895666863,0.3275234129988672,0.314912415892309,Uninfected
111,1.4952537969624322,2.304599436392918,1.5280359820089957,2.295843397745575,0.9769055398816662,0.9592858476200138,0.976524347887907,0.9584912379789872,0.6814088266286135,0.6054513638700272,0.6723763946059551,0.6102464813548386,55.545113908872914,96.76212761674756,56.50654672663663,98.6506139291468,0.05461012759536575,0.04894209033831051,0.05431786855198084,0.049108696067473034,0.23368809895962983,0.2212285929492626,0.23306194144900802,0.22160481959441458,Uninfected
112,1.49542229680003,2.4131426202321773,1.5421086751532322,2.465322198531158,0.979164085789126,0.9635611430233866,0.9789741359631081,0.9621305005179526,0.7662561463535726,0.7012020720934931,0.7530795721634074,0.7040407605459336,83.78074126409406,146.25796612177234,84.57116336633673,152.00026652452055,0.16422964599400242,0.15744665266769295,0.16394335334062599,0.15704222929797207,0.4052525706198573,0.3967954796462441,0.40489918910838285,0.3962855401070951,Uninfected
113,1.5498955487706898,2.5931864809415854,1.6654869154869132,2.532501889644746,0.9628537304287699,0.9304610267242425,0.9616900203792084,0.9319673179030009,0.720521476282657,0.6331421514614055,0.6938904821730172,0.6396753022279894,79.23589908404311,145.63054745707825,81.66634491634477,142.4760285066408,0.045766071956967004,0.039208321255429175,0.044484761294204485,0.039470334679121144,0.21393006323788857,0.19801091196050075,0.2109141088078379,0.19867142391174716,Uninfected
114,1.540687776642833,2.327820578668033,1.5470015655843719,2.5472350624892908,0.980129074058739,0.9666463440125854,0.9803525809944191,0.9634163883303357,0.7465925096241717,0.6971819364004546,0.7387329800246394,0.6811324935061305,79.82921348314612,133.5187810306452,78.95099040228709,146.4486902927576,0.14229214248277502,0.13567398703313968,0.14228150671884737,0.13477699527110518,0.3772163072863831,0.3683394996917106,0.37720220932392134,0.36711986499112953,Uninfected
115,1.6475235849056609,2.7572485265614497,1.734709119496856,2.687551916459,0.9771813851237898,0.9580396821220603,0.9760745172484309,0.9595154435492254,0.7620532253204336,0.7032257553468055,0.753306279144764,0.7046547046266183,99.53384433962269,182.60503935762046,104.37063679245281,176.18274593568296,0.1690000233315041,0.1608750295701279,0.1684697252877655,0.1611351938095011,0.4110961241990784,0.4010922955756292,0.4104506368465829,0.4014164842274182,Uninfected
116,1.4802854938271595,2.47608509977483,1.7062159972219013,2.5132774283717705,0.9772830000435688,0.9550280863985438,0.9716477990256182,0.9541723365529526,0.7137959250077817,0.6482447579194691,0.7051370934854126,0.6452546030766217,71.35304783950606,139.56910474415724,88.74561098892617,142.2249010016307,0.08318319336086324,0.07516814992774928,0.08166391103155188,0.07490222413409672,0.288414967296885,0.27416810523426915,0.28576898192692624,0.27368270704247416,Uninfected
117,1.5212765957446832,2.3835375026864396,1.5253094323516836,2.486438856651624,0.9774469888957148,0.9615602238802238,0.9774951535176377,0.9587245812679122,0.75820475898177,0.6988036670722012,0.7549433979849792,0.6993329038187096,78.92843715286695,133.9196647324307,78.7230046948356,143.79871050934887,0.14063186684389534,0.1323058127908808,0.14010994692010323,0.1318561446114022,0.3750091556800918,0.36373866001688737,0.37431263259487146,0.36312001406064387,Uninfected
118,1.4399242563068846,2.1028874773696637,1.256478263520517,2.2034121942986857,0.978392677599851,0.966359725432105,0.9825786487186916,0.9638116130790808,0.7675729427990605,0.7172327620485963,0.7705500359655625,0.7162066511178469,73.37328202308966,114.01255024701588,59.193372355344145,122.64853171315458,0.1605485024324181,0.15437785305853938,0.161934270965861,0.1538143259277931,0.4006850414383074,0.39290947183612074,0.40241057511683387,0.3921916953835115,Uninfected
119,1.6339840283939657,2.4525482324077164,1.4723822182838602,2.493810639009703,0.9744070165361298,0.9581932420607604,0.9783464221768514,0.9576734483033118,0.7410926605136678,0.684563049167128,0.7407295779358636,0.6793559481335234,86.77062999112688,140.86301624474922,73.51535962191707,142.6144009516375,0.10516093014852125,0.09835876328433352,0.1059925015499024,0.09818827665804458,0.32428526045523753,0.31362200701534565,0.3255648960651354,0.31335008641780293,Uninfected
120,1.6487545787545752,2.672340111995281,1.5941503770407814,2.4498231653404043,0.9781289770076812,0.9608852051906804,0.9794939189937428,0.9637156338033728,0.721141408190952,0.649494972219785,0.7150884749864397,0.6681420756221506,83.86875457875443,149.18464485705852,78.67724577201855,138.38933097553783,0.1088374974842004,0.1022591337863905,0.10914823860118023,0.10297595088694836,0.3299052856263452,0.3197798207929801,0.3303759049948713,0.3208986613978755,Uninfected
121,1.4981106612685553,2.8262840563942206,1.8070127997115584,2.585384650256135,0.9794431007879949,0.9557126922962387,0.973964132494847,0.9597937794299051,0.7578315707475178,0.6782485521818815,0.7398892947327608,0.6942558451350651,82.266441745389,175.77138582891365,103.9921579232018,159.57400607461835,0.10895281084818666,0.09942291327680261,0.1068428820757143,0.10031588175902756,0.3300800067380432,0.31531399156523743,0.3268682946933127,0.31672682513331196,Uninfected
122,1.612002376708259,2.616515015592294,1.6097105508870233,2.553462343543084,0.9753447430192022,0.9559080491509627,0.9758721691930856,0.9569823449073633,0.7419580032933788,0.6733362398364793,0.7357193302439158,0.677009468018182,84.06773618538324,149.20457943526,82.29505135387495,145.5692255115555,0.10761434338405233,0.09894502856202493,0.10732196333763183,0.0992999813802034,0.3280462518975828,0.3145552869719804,0.32760031034422393,0.315118995587704,Uninfected
123,1.4859673659673664,2.450927883486021,1.4986457457737918,2.2711768851303726,0.9760367214876431,0.9570138245884394,0.9774449518333831,0.9606517571052089,0.7471752493843747,0.6693684788759473,0.7287807708619094,0.6824349594710131,76.48941724941734,136.49941273197058,72.14130942374142,124.94742776603229,0.10693761281453601,0.09884328422244053,0.10681910332069593,0.09968748235919658,0.32701316917600737,0.314393518098641,0.3268319190665072,0.3157332455716322,Uninfected
124,1.3759487666034158,2.373317403424925,1.6238463061992463,2.3440063719633524,0.9815244740015042,0.9623393002085355,0.9765724314260128,0.963153879474142,0.7430052074213118,0.6792984016664979,0.7294904106361086,0.6826036531538561,59.42054079696392,120.61537236160878,75.29839572192508,118.00653126244497,0.14019613562891647,0.13179429704838305,0.13818438051402052,0.1320492049240603,0.374427744202959,0.36303484274706066,0.3717315974113857,0.36338575223040914,Uninfected
125,1.6272100689241835,2.5595291987324553,1.5690740185795635,2.4429354660228317,0.9749200951195278,0.9566688847598299,0.9773060931208777,0.9593296676880801,0.7317754170391073,0.6656622926605937,0.720387507552759,0.6702955491735157,82.50604335231252,141.65685830692613,74.74747777444823,132.95830189628273,0.10609383269453454,0.09854977845508354,0.10616132912072646,0.09899000152461368,0.32572048246085866,0.31392639018579427,0.3258240769506245,0.31462676542947465,Uninfected
126,1.7451481772882247,2.7095644127172993,1.7019407290847095,2.6648820146738066,0.9696208983722281,0.945753055776893,0.9708764872113872,0.9472358101715521,0.6655239539785901,0.5911405374794068,0.6645366036645528,0.5922681103566521,75.63067138735902,132.91988895498727,72.51022816679773,129.2867340868532,0.04870566948385407,0.043162717827642916,0.048768586599916355,0.043371932746393935,0.22069360997512835,0.20775639058195758,0.22083610800753656,0.20825929210096228,Uninfected
127,1.4639645089735824,2.4297839506172836,1.5977874677002584,2.5218892137751787,0.97685973420668,0.9581012577103849,0.9744550412440439,0.9563419262168852,0.7913493475319665,0.7322541419715116,0.7791901633801039,0.7299309571781131,81.40685622101218,146.79625568551003,89.77826227390187,152.96024204028575,0.14778175432578158,0.13932574180786234,0.14625009901315755,0.13897056400122682,0.3844239252775269,0.37326363579628585,0.38242659297328885,0.3727875588069253,Uninfected
128,1.3637206764866319,2.1301335972290962,1.4299596025767005,2.2005058002089206,0.9741227978901974,0.9530629744692112,0.972095889493408,0.9506835455087507,0.6999647344159987,0.6226482849888205,0.6918771047416621,0.6195651631398456,46.813366066557485,83.5876078948816,50.39786002838737,87.82500412337137,0.0489727874938724,0.04299452906381829,0.04827026608479536,0.0428198901183333,0.2212979608895491,0.2073512215151343,0.21970495234471926,0.20692967433003248,Uninfected
129,1.5782472613458522,2.5633832413974247,1.676939924906128,2.50380877331232,0.9766035804027164,0.9558868977069434,0.9746100155545949,0.956873620042858,0.6788023036177144,0.5968191094351102,0.6696204961209964,0.6051740561191278,61.3759520083463,114.15886524822709,66.48889236545664,111.60535855003947,0.05252880291078166,0.04706901951384409,0.05191211834550493,0.04731072515210364,0.22919162923366476,0.21695395712879748,0.22784231026195492,0.21751028746269369,Uninfected
130,1.6032051282051267,2.5375851538642222,1.6293641079442787,2.4688747944561875,0.9736936563875683,0.9529061158907371,0.9747595058430844,0.9541393319424938,0.6663152285410907,0.5784033792901379,0.6512899705208376,0.5897115621638566,59.64504662004657,105.38665727037814,57.27615550504163,102.62696734789753,0.048915498109116926,0.0437168039055627,0.04860532254552436,0.04398595634798242,0.22116848353487648,0.20908563773143937,0.22046614829838246,0.20972829172046012,Uninfected
131,1.5470479288069758,2.347517730496456,1.5140393643914771,2.6097472267685093,0.9777767467146674,0.9640592498685706,0.9795331130017336,0.9602242946909354,0.7857308588231924,0.7399714332314169,0.7760217204270208,0.7202062424335562,93.7624339341375,151.23686124749977,86.33572589382456,167.37415893798916,0.17172490020029124,0.1636277125193393,0.17133735270029685,0.16229193963782151,0.41439703208431794,0.40450922426978014,0.413929163867801,0.40285473763854573,Uninfected
132,1.460564337922827,2.300902751037531,1.6181547619047605,2.6181063620416816,0.9821415920091748,0.9682014297955079,0.9793543535180776,0.963950591844316,0.772473980906486,0.7257201427137163,0.7625304237815924,0.7061277734513828,76.89452660207374,136.50156163094223,88.84868197278904,154.74911222350661,0.1677465033707755,0.15932291216562616,0.1663046421268334,0.1581268203955745,0.4095686796750644,0.39915274290129354,0.4078046617276872,0.397651631953868,Uninfected
133,2.6420709586177393,3.805400718444177,2.328543355440919,3.598909946736001,0.9789044967287301,0.9644643595011235,0.9816952834301964,0.9661761272694807,0.5486112398637224,0.4965061799980226,0.5659905999044437,0.5079592012044281,118.27830043657454,197.63421280812466,102.81208548268242,188.11408398364702,0.06396763971291028,0.059848853201897215,0.06499758591377411,0.06012609851492944,0.2529182470936217,0.24464025261983607,0.2549462412230745,0.24520623669664163,Uninfected
134,2.656745211519904,4.049197415051085,2.7102288392610925,4.135362379264828,0.9718656755190203,0.9495126811312258,0.9710046996436218,0.9480285495260178,0.5579584294707727,0.5057524985253302,0.564479474486221,0.5007140874905865,131.75981810665496,233.41074282537758,135.76936862420717,240.27211451601735,0.06311144534291264,0.057422488704913004,0.06292940238366325,0.057264997824900715,0.25121991430400703,0.2396298994385154,0.25085733472167654,0.23930106106095878,Uninfected
135,2.5414728682170336,4.538877143528319,3.359829059829054,4.3948007203821335,0.9743217472116358,0.9383706227569967,0.9592363091050423,0.9408579450626564,0.5333848998374008,0.4547525470796233,0.49620646177699823,0.4519849464616722,122.89480620154936,287.9851225432628,192.9921522921521,276.36222692036716,0.033438272940327515,0.028604930074101795,0.0313328793282173,0.02875565499734003,0.18286134895140502,0.16912992069442295,0.17701095821507012,0.1695749244356017,Uninfected
136,3.405287356321833,4.984442122373144,3.108471074380169,5.162312783002423,0.9568156128065928,0.9271132729413913,0.9608568988927347,0.9235258820379814,0.5326827779513422,0.49157786817478033,0.559778802298029,0.4851331032751335,271.8887356321835,449.09334726576003,246.80911386593257,471.1971438523155,0.039061018628616606,0.03470922325340452,0.03992481766281243,0.03445600074593123,0.19763860611888712,0.18630411496637567,0.19981195575543628,0.18562327641201473,Uninfected
137,3.101294498381893,4.320479302832238,2.8294548588666206,4.547712418300645,0.9614251721649365,0.9366187391832973,0.9651282569862952,0.9327486052067157,0.506622169487854,0.45574065331124325,0.52233999512659,0.447604044648071,183.24865156418636,294.78278867102347,165.96649429002423,312.78257080609956,0.030258509837326933,0.026913117461944826,0.030838556561968225,0.026714974297634798,0.17394973365121008,0.16405217908319544,0.17560910159205367,0.16344716056767336,Uninfected
138,2.4356208171011975,3.6853779990945883,2.4845170312656233,3.66395050550774,0.9776491886820013,0.9603459789607747,0.9785950959194973,0.9606322284967719,0.5436108887780842,0.4820341650120282,0.5394208739663824,0.48193325449464197,102.64479073019733,179.41044213067627,98.26296074318297,178.11533625068986,0.041543820826159594,0.03757746145523764,0.04135600674439455,0.037622298427870904,0.20382301348513027,0.19384906874998817,0.20336176323093422,0.19396468345518703,Uninfected
139,1.602463483758448,2.6878019323671456,1.8148087610330188,2.695926657883177,0.9736173321323696,0.9484628600049738,0.9685307986246586,0.9481697354967893,0.6929897223620876,0.6168378377419416,0.6800255871196098,0.612923140644668,85.44004796163064,164.10249231444868,101.48703279938987,165.0358476064997,0.0476000643090973,0.042094710073081826,0.04645404540198618,0.04202624880442153,0.21817438967279662,0.20516995411873012,0.2155320055165501,0.20500304584181556,Uninfected
140,1.5368617326448628,2.5093795093795053,1.5343733189887048,2.415728715728715,0.9763441117385656,0.95716357555914,0.9766412034747469,0.9589124220016195,0.7509813841505134,0.6833503098780528,0.7452968333847104,0.6905209560618639,85.3215002868616,153.432756132756,84.27548861395032,147.1686868686868,0.10639789662296398,0.0982392916226789,0.1060632971254898,0.09875351185010259,0.326186904432051,0.3134314783532102,0.3256736052023403,0.3142507149555949,Uninfected
